"region";"subregion";"key";"value"
"Asia";"Southern Asia";"Afghanistan";25500100
"Europe";"Northern Europe";"Åland Islands";28502
"Europe";"Southern Europe";"Albania";2821977
"Africa";"Northern Africa";"Algeria";37900000
"Oceania";"Polynesia";"American Samoa";55519
"Europe";"Southern Europe";"Andorra";76246
"Africa";"Middle Africa";"Angola";20609294
"Americas";"Caribbean";"Anguilla";13452
"";"";"Antarctica";-1
"Americas";"Caribbean";"Antigua and Barbuda";86295
"Americas";"South America";"Argentina";40117096
"Asia";"Western Asia";"Armenia";3024100
"Americas";"Caribbean";"Aruba";101484
"Oceania";"Australia and New Zealand";"Australia";23254142
"Europe";"Western Europe";"Austria";8501502
"Asia";"Western Asia";"Azerbaijan";9235100
"Americas";"Caribbean";"Bahamas";-1
"Asia";"Western Asia";"Bahrain";1234571
"Asia";"Southern Asia";"Bangladesh";152518015
"Americas";"Caribbean";"Barbados";274200
"Europe";"Eastern Europe";"Belarus";9465500
"Europe";"Western Europe";"Belgium";11175653
"Americas";"Central America";"Belize";312971
"Africa";"Western Africa";"Benin";10323000
"Americas";"Northern America";"Bermuda";64237
"Asia";"Southern Asia";"Bhutan";740990
"Americas";"South America";"Bolivia";10027254
"Americas";"Caribbean";"Bonaire";-1
"Europe";"Southern Europe";"Bosnia and Herzegovina";3791622
"Africa";"Southern Africa";"Botswana";2024904
"";"";"Bouvet Island";-1
"Americas";"South America";"Brazil";201032714
"Africa";"Eastern Africa";"British Indian Ocean Territory";-1
"Americas";"Caribbean";"British Virgin Islands";29537
"Asia";"South-Eastern Asia";"Brunei";393162
"Europe";"Eastern Europe";"Bulgaria";7282041
"Africa";"Western Africa";"Burkina Faso";17322796
"Africa";"Eastern Africa";"Burundi";10163000
"Asia";"South-Eastern Asia";"Cambodia";15135000
"Africa";"Middle Africa";"Cameroon";20386799
"Americas";"Northern America";"Canada";35158304
"Africa";"Western Africa";"Cape Verde";491875
"Americas";"Caribbean";"Cayman Islands";55456
"Africa";"Middle Africa";"Central African Republic";4616000
"Africa";"Middle Africa";"Chad";12825000
"Americas";"South America";"Chile";16634603
"Asia";"Eastern Asia";"China";1361170000
"Oceania";"Australia and New Zealand";"Christmas Island";2072
"Oceania";"Australia and New Zealand";"Cocos (Keeling) Islands";550
"Americas";"South America";"Colombia";47330000
"Africa";"Eastern Africa";"Comoros";724300
"Africa";"Middle Africa";"Republic of the Congo";4448000
"Africa";"Middle Africa";"Democratic Republic of the Congo";67514000
"Oceania";"Polynesia";"Cook Islands";14974
"Americas";"Central America";"Costa Rica";4667096
"Africa";"Western Africa";"Côte d'Ivoire";-1
"Europe";"Southern Europe";"Croatia";4290612
"Americas";"Caribbean";"Cuba";11167325
"Americas";"Caribbean";"Curaçao";150563
"Asia";"Western Asia";"Cyprus";865878
"Europe";"Eastern Europe";"Czech Republic";10512900
"Europe";"Northern Europe";"Denmark";5623501
"Africa";"Eastern Africa";"Djibouti";864618
"Americas";"Caribbean";"Dominica";71293
"Americas";"Caribbean";"Dominican Republic";9445281
"Americas";"South America";"Ecuador";15617900
"Africa";"Northern Africa";"Egypt";83661000
"Americas";"Central America";"El Salvador";6340000
"Africa";"Middle Africa";"Equatorial Guinea";1622000
"Africa";"Eastern Africa";"Eritrea";6333000
"Europe";"Northern Europe";"Estonia";1286540
"Africa";"Eastern Africa";"Ethiopia";86613986
"Americas";"South America";"Falkland Islands";2563
"Europe";"Northern Europe";"Faroe Islands";48509
"Oceania";"Melanesia";"Fiji";858038
"Europe";"Northern Europe";"Finland";5445883
"Europe";"Western Europe";"France";65806000
"Americas";"South America";"French Guiana";229040
"Oceania";"Polynesia";"French Polynesia";268270
"";"";"French Southern and Antarctic Lands";-1
"Africa";"Middle Africa";"Gabon";1672000
"Africa";"Western Africa";"Gambia";-1
"Asia";"Western Asia";"Georgia";-1
"Europe";"Western Europe";"Germany";80523700
"Africa";"Western Africa";"Ghana";24658823
"Europe";"Southern Europe";"Gibraltar";29752
"Europe";"Southern Europe";"Greece";10815197
"Americas";"Northern America";"Greenland";56370
"Americas";"Caribbean";"Grenada";103328
"Americas";"Caribbean";"Guadeloupe";403355
"Oceania";"Micronesia";"Guam";159358
"Americas";"Central America";"Guatemala";15438384
"Europe";"Northern Europe";"Guernsey";62431
"Africa";"Western Africa";"Guinea";10824200
"Africa";"Western Africa";"Guinea-Bissau";1704000
"Americas";"South America";"Guyana";784894
"Americas";"Caribbean";"Haiti";10413211
"";"";"Heard Island and McDonald Islands";-1
"Europe";"Southern Europe";"Vatican City";800
"Americas";"Central America";"Honduras";8555072
"Asia";"Eastern Asia";"Hong Kong";7184000
"Europe";"Eastern Europe";"Hungary";9906000
"Europe";"Northern Europe";"Iceland";325010
"Asia";"Southern Asia";"India";1236670000
"Asia";"South-Eastern Asia";"Indonesia";237641326
"Asia";"Southern Asia";"Iran";77068000
"Asia";"Western Asia";"Iraq";34035000
"Europe";"Northern Europe";"Ireland";-1
"Europe";"Northern Europe";"Isle of Man";84497
"Asia";"Western Asia";"Israel";8092700
"Europe";"Southern Europe";"Italy";59829079
"Americas";"Caribbean";"Jamaica";2711476
"Asia";"Eastern Asia";"Japan";127290000
"Europe";"Northern Europe";"Jersey";97857
"Asia";"Western Asia";"Jordan";6512600
"Asia";"Central Asia";"Kazakhstan";17099000
"Africa";"Eastern Africa";"Kenya";44354000
"Oceania";"Micronesia";"Kiribati";106461
"Asia";"Western Asia";"Kuwait";3582054
"Asia";"Central Asia";"Kyrgyzstan";5551900
"Asia";"South-Eastern Asia";"Laos";6580800
"Europe";"Northern Europe";"Latvia";2014000
"Asia";"Western Asia";"Lebanon";4822000
"Africa";"Southern Africa";"Lesotho";2074000
"Africa";"Western Africa";"Liberia";4294000
"Africa";"Northern Africa";"Libya";6202000
"Europe";"Western Europe";"Liechtenstein";36842
"Europe";"Northern Europe";"Lithuania";2950684
"Europe";"Western Europe";"Luxembourg";537000
"Asia";"Eastern Asia";"Macau";-1
"Europe";"Southern Europe";"Macedonia";-1
"Africa";"Eastern Africa";"Madagascar";20696070
"Africa";"Eastern Africa";"Malawi";16363000
"Asia";"South-Eastern Asia";"Malaysia";29793600
"Asia";"Southern Asia";"Maldives";317280
"Africa";"Western Africa";"Mali";15302000
"Europe";"Southern Europe";"Malta";416055
"Oceania";"Micronesia";"Marshall Islands";56086
"Americas";"Caribbean";"Martinique";394173
"Africa";"Western Africa";"Mauritania";3461041
"Africa";"Eastern Africa";"Mauritius";1257900
"Africa";"Eastern Africa";"Mayotte";212600
"Americas";"Central America";"Mexico";118395054
"Oceania";"Micronesia";"Micronesia";-1
"Europe";"Eastern Europe";"Moldova";3559500
"Europe";"Western Europe";"Monaco";36136
"Asia";"Eastern Asia";"Mongolia";2754685
"Europe";"Southern Europe";"Montenegro";620029
"Americas";"Caribbean";"Montserrat";4922
"Africa";"Northern Africa";"Morocco";33087700
"Africa";"Eastern Africa";"Mozambique";23700715
"Asia";"South-Eastern Asia";"Myanmar";-1
"Africa";"Southern Africa";"Namibia";2113077
"Oceania";"Micronesia";"Nauru";9945
"Asia";"Southern Asia";"Nepal";26494504
"Europe";"Western Europe";"Netherlands";16807300
"Oceania";"Melanesia";"New Caledonia";258958
"Oceania";"Australia and New Zealand";"New Zealand";4478810
"Americas";"Central America";"Nicaragua";6071045
"Africa";"Western Africa";"Niger";17129076
"Africa";"Western Africa";"Nigeria";173615000
"Oceania";"Polynesia";"Niue";1613
"Oceania";"Australia and New Zealand";"Norfolk Island";2302
"Asia";"Eastern Asia";"North Korea";24895000
"Oceania";"Micronesia";"Northern Mariana Islands";53883
"Europe";"Northern Europe";"Norway";5077798
"Asia";"Western Asia";"Oman";3929000
"Asia";"Southern Asia";"Pakistan";184845000
"Oceania";"Micronesia";"Palau";20901
"Asia";"Western Asia";"Palestine";-1
"Americas";"Central America";"Panama";3405813
"Oceania";"Melanesia";"Papua New Guinea";7059653
"Americas";"South America";"Paraguay";6783374
"Americas";"South America";"Peru";30475144
"Asia";"South-Eastern Asia";"Philippines";98678000
"Oceania";"Polynesia";"Pitcairn Islands";56
"Europe";"Eastern Europe";"Poland";38533299
"Europe";"Southern Europe";"Portugal";10562178
"Americas";"Caribbean";"Puerto Rico";3667084
"Asia";"Western Asia";"Qatar";2024707
"Europe";"Eastern Europe";"Republic of Kosovo";1733842
"Africa";"Eastern Africa";"Réunion";821136
"Europe";"Eastern Europe";"Romania";20121641
"Europe";"Eastern Europe";"Russia";143500000
"Africa";"Eastern Africa";"Rwanda";10537222
"Americas";"Caribbean";"Saint Barthélemy";8938
"Africa";"Western Africa";"Saint Helena";-1
"Americas";"Caribbean";"Saint Kitts and Nevis";54000
"Americas";"Caribbean";"Saint Lucia";166526
"Americas";"Caribbean";"Saint Martin";-1
"Americas";"Northern America";"Saint Pierre and Miquelon";6081
"Americas";"Caribbean";"Saint Vincent and the Grenadines";109000
"Oceania";"Polynesia";"Samoa";187820
"Europe";"Southern Europe";"San Marino";32509
"Africa";"Middle Africa";"São Tomé and Príncipe";187356
"Asia";"Western Asia";"Saudi Arabia";29994272
"Africa";"Western Africa";"Senegal";13567338
"Europe";"Southern Europe";"Serbia";7181505
"Africa";"Eastern Africa";"Seychelles";90945
"Africa";"Western Africa";"Sierra Leone";6190280
"Asia";"South-Eastern Asia";"Singapore";5399200
"Americas";"Caribbean";"Sint Maarten";37429
"Europe";"Eastern Europe";"Slovakia";5412008
"Europe";"Southern Europe";"Slovenia";2061405
"Oceania";"Melanesia";"Solomon Islands";561000
"Africa";"Eastern Africa";"Somalia";10496000
"Africa";"Southern Africa";"South Africa";52981991
"Americas";"South America";"South Georgia";-1
"Asia";"Eastern Asia";"South Korea";50219669
"Africa";"Middle Africa";"South Sudan";11296000
"Europe";"Southern Europe";"Spain";46704314
"Asia";"Southern Asia";"Sri Lanka";20277597
"Africa";"Northern Africa";"Sudan";37964000
"Americas";"South America";"Suriname";534189
"Europe";"Northern Europe";"Svalbard and Jan Mayen";2655
"Africa";"Southern Africa";"Swaziland";1250000
"Europe";"Northern Europe";"Sweden";9625444
"Europe";"Western Europe";"Switzerland";8085300
"Asia";"Western Asia";"Syria";21898000
"Asia";"Eastern Asia";"Taiwan";23361147
"Asia";"Central Asia";"Tajikistan";8000000
"Africa";"Eastern Africa";"Tanzania";44928923
"Asia";"South-Eastern Asia";"Thailand";65926261
"Asia";"South-Eastern Asia";"Timor-Leste";-1
"Africa";"Western Africa";"Togo";6191155
"Oceania";"Polynesia";"Tokelau";1411
"Oceania";"Polynesia";"Tonga";103036
"Americas";"Caribbean";"Trinidad and Tobago";1328019
"Africa";"Northern Africa";"Tunisia";10833431
"Asia";"Western Asia";"Turkey";75627384
"Asia";"Central Asia";"Turkmenistan";5240000
"Americas";"Caribbean";"Turks and Caicos Islands";31458
"Oceania";"Polynesia";"Tuvalu";11323
"Africa";"Eastern Africa";"Uganda";35357000
"Europe";"Eastern Europe";"Ukraine";45461627
"Asia";"Western Asia";"United Arab Emirates";8264070
"Europe";"Northern Europe";"United Kingdom";63705000
"Americas";"Northern America";"United States";317101000
"Americas";"Northern America";"United States Minor Outlying Islands";-1
"Americas";"Caribbean";"United States Virgin Islands";106405
"Americas";"South America";"Uruguay";3286314
"Asia";"Central Asia";"Uzbekistan";30183400
"Oceania";"Melanesia";"Vanuatu";264652
"Americas";"South America";"Venezuela";28946101
"Asia";"South-Eastern Asia";"Vietnam";90388000
"Oceania";"Polynesia";"Wallis and Futuna";13135
"Africa";"Northern Africa";"Western Sahara";567000
"Asia";"Western Asia";"Yemen";24527000
"Africa";"Eastern Africa";"Zambia";13092666
"Africa";"Eastern Africa";"Zimbabwe";12973808
